query,instr,cycles,branches,br_miss,l1d_miss,alloc_bytes,dealloc_bytes,ms
RETURN 1,187169.2378909825,117197.9148746585,121356.50533716999,1564.063104973476,10310.080232825241,395919.384,404038.072,0.077726
arithmetic,2248060.5174492826,549587.1867237595,533198.2106531231,786.5216469445467,15943.347639495554,435819.128,435748.424,0.178449
float math,4014184.3740809048,939781.9374192079,898678.7832090326,3096.417182039496,17768.249485825007,435379.792,435422.072,0.273833
split+trim+replace,314754.4325313069,129214.20668167758,164436.95477305108,2437.532696873145,16836.508016859647,435868.32,436167.504,0.077021
list comprehension,7639348.266825257,1596016.3105006744,1818582.9649039074,1644.6991437861063,55740.00452107971,847930.896,847835.888,0.458496
reduce,4323483.13458273,889546.4412434807,1029223.5404417864,944.132549878228,32433.85541005634,558244.416,558686.456,0.291996
list ops,947591.5251146125,274764.8162404032,200329.73431579917,733.5418082542712,10012.675873150345,435596.72,435708.576,0.10664
type conversion,3108832.9704201575,691216.8789465325,893122.6206149253,2927.3692435142993,29849.479788577482,435683.296,435593.648,0.211038
temporal,419357.5016121699,137885.3284023773,75869.25946923168,535.5393498499662,8499.68445744143,451736.608,452091.64,0.06207699999999999
spatial,190797.89652289808,83988.10331680794,39780.70934018662,430.6379149357224,6687.582538714381,435352.8,435358.192,0.046224
string extras,209837.80886874656,90415.07042355921,36214.22576162492,329.1333061355109,6197.116472697167,476316.288,476331.184,0.048495
label scan + count,187853.4376027347,83273.0474954827,22329.779042920814,172.6783201627182,6243.7112994086765,435563.504,435423.744,0.045716
index lookup,283168.1466028604,104639.67573386476,66796.14972433407,585.2823359221719,8561.712292281196,435372.416,435543.384,0.052717
id seek,195874.85812104546,89161.6623256311,38224.35622580914,421.55830273551993,8565.910883990353,394684.528,394420.08,0.051236
label + id scan,351540.7232665495,116893.61541607598,65652.9118241148,502.00801370569434,9060.374563433637,435535.216,435676.96,0.056598
filter scan,13324698.243591253,2576790.862097147,3100848.642191383,4068.365645057695,45583.625979617675,435548.496,435457.976,0.750854
string predicates,13337764.496044219,2755496.5445612315,3178480.345601042,3604.3382827963987,44641.39746850554,435363.568,435387.248,0.816136
string funcs,14939664.596277969,3162292.0589165664,3344871.4393793107,10881.750035720188,66393.77159565111,452015.664,452001.768,0.939441
IN list,691650.2389192301,190394.44970455687,148299.63764983983,209.11125287674298,9656.196342498393,435362.92,435397.168,0.083784
CASE,29888866.645537358,6655032.228030579,7625040.127648585,30532.200008279873,130488.56727963682,435501.568,435500.584,1.885977
coalesce,23050949.452824097,4956685.3051205985,5963589.731337303,369.96431826290114,47789.81472715455,435475.328,435559.984,1.40431
entity funcs,277370.0471534917,115819.23974888577,59129.25485828494,508.1433474916505,8665.596496293625,492718.192,492924.248,0.06839
RETURN DISTINCT,13835445.897503676,3231043.864722675,3426943.582931338,6003.748210964024,52483.940541521224,435418.192,435402.064,0.956693
ORDER BY + LIMIT,23842299.489654828,5001986.583804848,6123461.801488717,11858.013352456317,81634.08084506834,451745.408,451773.808,1.443803
SKIP + LIMIT,27734050.578138597,5260091.510136409,7372795.945923592,22813.91669663575,205990.4547748944,1869485.12,1869294.336,1.514275
traversal + count,41568307.92913254,8078340.133358935,9405187.670619488,6493.652099514741,188095.09094068868,452216.496,452436.536,2.283309
two-hop,58081056.14661992,11201176.483940369,13188220.693952888,12480.719931315929,231363.29323431678,452170.808,452222.832,3.135968
edge + type(),61635016.20043353,12152743.370234555,14646769.030293694,16984.966859882203,305068.51640833577,476608.144,476603.416,3.398851
var-length 1..3,278754.8781257119,108608.97733804442,36748.1078915105,116.73029793111259,8091.178939455491,451743.584,451795.24,0.064521
var-length 1..50,279321.27870454424,102975.62047033553,43084.741165121006,205.025504477076,8965.267361600982,451735.808,451748.552,0.051832
path + length,329958.70928584127,119891.73393629388,47645.16684962171,160.1052184961374,8479.608540794074,476359.168,476339.216,0.057089
path funcs,374489.5292687629,134811.7482729791,60590.50887217849,188.1554896598846,8078.854334736198,492747.888,492908.224,0.060542
OPTIONAL MATCH,399274.67081286816,145053.07777751572,69216.071750099,221.52610089455078,11105.979744828448,517286.208,517348.136,0.062779
expand into,286256.4831303434,103007.08181598654,43893.6821774542,115.98632843161869,8761.713576265563,451903.728,451790.224,0.051991
agg count,11225184.29632801,2202418.4524275954,2452341.985123929,-692.9405703430074,22105.6674958215,435352.832,435401.408,0.64774
agg sum,11353774.970293786,2229155.1497533694,2647234.1814538916,823.1278973835101,39358.904455258344,435434.208,435453.408,0.69067
agg min,11888712.718088128,2371641.297897771,2614138.992015851,1529.0410214868402,41753.948443983776,435351.808,435352.208,0.715915
agg max,11998241.183652585,2418178.2329990217,2728231.052292483,1706.409049956861,35490.692929979006,435351.808,435367.352,0.730022
agg avg,11588943.68529777,2295449.1294044326,2593484.055790629,612.8847274125535,31344.24539079849,435352.288,435374.632,0.713579
percentileDisc,12855707.58360151,2576941.0037819305,2806814.5074213236,-1153.0251560973581,41942.83772333297,722422.16,722173.544,0.773197
percentileCont,12838447.795105755,2576363.778227242,2661706.003891958,-4662.98623371231,30774.769513071828,722071.808,722075.592,0.774886
stDev,11771026.13644422,2375944.626511149,2550041.4178739777,-1903.76537670012,34241.321648796824,722072.8,722075.848,0.731924
stDevP,11772691.197743453,2368581.0969277406,2633365.991855778,-1182.291129740279,44125.45312853103,722072.0,722073.16,0.723419
collect,2322725.837890289,513894.2600564972,462423.443259318,-229.19119363557292,16430.272848877947,442699.008,442543.808,0.166399
count distinct,18769138.69418859,4124259.007934809,4271992.871495199,6864.129137645776,61602.45078352472,435851.04,435893.232,1.188154
MERGE existing,300661.43462612265,117209.80272698897,55301.84029332553,300.10538250996206,8170.654732296756,435385.856,435583.824,0.067512
SET property,427816.7114899282,152889.6693050566,192932.73543991748,2251.990685467582,17104.2682180137,435658.424,435566.896,0.07151
REMOVE,410644.184103853,121676.41660209133,74380.7033602052,174.02254637150875,12677.136157944977,67479.872,66988.864,0.056293
create node,155336.05650522615,69696.32499605407,15634.96533543475,55.575071997286926,6372.308786948968,66799.12,66936.4,0.040487
delete node,880315.4796376573,245187.7614305617,208342.14987953936,666.3118606236421,25223.399141644568,598897.544,598694.016,0.089421
create edge,222988.24505909721,85458.91241000315,30879.949510895698,60.94480727078073,6479.492442151444,124138.456,124924.888,0.045668
delete edge,356938.42405982985,183904.68590128302,-217532.43445356633,-676.368184218863,-187789.939293526,126367.696,134393.496,0.093534
aggregates,32111335.478377886,6569822.563437366,7196016.293432932,1256.074276418008,43327.20285245316,492988.368,493204.496,1.866575
WITH pipeline,16331953.233339736,3283495.0374243725,3713381.046490913,-1062.036570943808,36014.42788905511,446210.496,445836.56,0.982637
UNION,661243.3666899421,183890.7863188451,109874.38739182054,30.047271345616434,7502.564385475727,477462.176,478017.52,0.081836
EXISTS pattern,5692605.999933052,1151203.8997766667,1196948.0191323624,665.1268459131783,30888.73577818433,452019.024,451991.904,0.336575
pattern OR filter,739781516.0170486,145926270.5348639,160185858.84701133,24115.84875271535,1775307.0620743278,453140.872,452801.0,39.600342
hash join,47153611.18534347,13172253.691891447,11147799.517080616,-4594.395203358762,436622.8834762844,6269996.456,6270093.336,3.657188
shortestPath,251390.81817254375,103832.5689704966,31204.42531421789,34.213508994881416,5665.445960794042,451855.208,452002.392,0.063484
allShortestPaths,350855.7952782889,123520.85588378455,46895.941600144964,65.78457041150006,8738.034066986405,517553.04,517370.248,0.058089
CALL procedure,191853.78014067936,82914.46502652399,24350.558915798192,-46.559409890762005,5763.394421313283,394745.984,394728.544,0.046915
CREATE + DELETE,423485.2874342546,154990.38642314894,72053.47061820787,159.73555881874753,15182.808584349934,591764.456,591431.6,0.065376
FOREACH,327090.17663400556,109556.26778201622,51037.705414031865,-78.85387505382101,11112.628293181897,107791.528,108135.848,0.053095
algo.pageRank,29678497.92903213,6040378.98131318,9032850.913268784,23548.239081493393,628654.790283825,3385614.048,3384631.856,1.757836
algo.BFS,5680367.748541366,1270587.4016123584,1713051.3638490124,3170.81804224542,118769.81158528398,1345730.88,1353493.296,0.427988
algo.BFS unbounded,327302706.7159343,62682010.2742855,79926197.0081767,129542.02989082942,1580847.3413849995,16067912420677.863,70993525.456,16.879967
algo.WCC,40739693.15831262,8184972.358025627,10199100.809596676,1893.961280130867,700897.7474295204,2650431.416,2649362.528,2.328583
fulltext query,298428.8506479699,115873.38128478499,42954.55603137827,104.14414583787043,7793.770040922247,435467.696,436365.064,0.067135
vector query,278951.5451788067,107955.71882605983,41467.352414169174,144.2828895790907,8578.66229608416,451822.816,451915.44,0.054313
vec distance,197091.18886560926,87841.39390669907,23801.759815023,152.23962172755856,5391.8900686095985,435417.344,435644.784,0.048778
edge index scan,331692.41232872586,123224.24345215393,39582.428315349665,27.734564225950162,7079.337045247544,476591.872,476394.648,0.058958
UDF call,190167.59432766458,86601.57237565778,18148.153942145622,4.173351781038742,4772.989946704992,435417.344,435679.112,0.047579
db.indexes,291311.89101855166,108167.39698942831,38432.3927746447,66.374953254612,8133.230701873055,435617.96,435444.144,0.054744
db.propertyKeys,261894.30416289202,110431.36212130912,204428.76790483814,2631.1944124838124,15349.985235671313,435417.984,435450.96,0.058936
db.relationshipTypes,243747.47330326185,93708.85678028365,24194.35449154707,-16.19197008433478,5900.903306814445,435418.304,435437.096,0.048824
db.meta.stats,188662.14950907102,85012.59423057831,21404.302197506033,88.0918980351803,5502.511256731574,435424.544,435629.312,0.04779
db.constraints,249283.4080250544,97213.69314359859,29777.009444169962,61.82037712603342,7095.910550023191,451971.184,451815.624,0.05097
dbms.procedures,282458.55905879,132276.28476379937,172410.9332261712,2460.254689382592,16354.075300844013,435427.184,435437.416,0.076295
dbms.functions,371149.6619037383,162169.5971368251,-324268.58333044837,7085.475724266702,-187097.4278527585,435826.944,436673.12,0.093603
algo.betweenness,24902179.554021586,6178940.594909935,4561333.455912053,6941.79945550936,910599.4847731439,10717026.08,10713385.68,1.353665
algo.labelPropagation,555325445.7893689,158308401.46318915,160210258.29541025,263359.0875985527,6904793.3992878515,1274823.48,1273429.96,5.8963
algo.MSF,1883341.181763816,537791.0625526947,697329.5075748051,7002.249135223288,42112.41089702775,966575.0,972132.6,0.22657500000000003
algo.HarmonicCentrality,199590002.31531984,77208704.69154115,18257517.12259517,29184.175869168863,3275574.5033975956,12355270.52,12356355.44,20.361114999999998
algo.SPpaths,335895.2165622124,132650.225431222,37899.863893174916,8.390442609940422,6862.796504900331,476424.968,476565.44,0.072002
algo.SSpaths,283219.4120610825,107232.57114645629,38109.909782637966,31.34522816945432,7364.345173479006,451802.624,451857.912,0.05282
algo.maxFlow,3022244.2399073695,798611.5954411577,650743.939281126,900.5243899898761,47502.797263798544,2668940.76,2667183.68,0.2506
temporal constructors,468143.7671248228,184615.79221255862,251845.25237272994,3308.9080541724366,17912.705725325544,476582.712,477183.312,0.094563
temporal components,317490.8614304097,119160.17818862469,55565.4657561366,644.1797327808542,6949.95411456733,558323.792,558300.584,0.058073
temporal arithmetic,390594.5989602202,127654.0811878746,70047.50014548111,528.2922287722496,6711.501689841754,435419.264,435442.984,0.059687
temporal compare,386605.1364610871,122429.52681771912,45461.200099938986,-72.63957653786754,3610.5545626330154,435420.464,435438.544,0.056262
NOT pattern,5771191.896964083,1170537.013764593,1175046.1909338995,-573.3763925905726,19788.47125909754,452062.792,451818.272,0.338557
map ops,230344.76332326114,103884.11201816564,27260.638432523345,139.38437633604917,5437.608349869915,492772.704,493048.88,0.056901
list slicing,256932.49834336285,108425.80413811556,32401.09346840778,136.25876205249608,5920.770440027863,492803.056,492768.656,0.054769
null handling,219548.85107676912,97513.40973075702,28036.505515647576,179.86365020921616,5413.937193916856,492762.704,492841.32,0.051405
boolean ops,638676.275567449,190215.39174476027,127371.95499967982,342.26457544432463,8455.794160302961,435627.184,435416.08,0.077267
order by mixed types,197468.7031780992,87363.05110839574,16860.16649869982,-136.2652520508502,5179.571230389125,394756.624,394697.0,0.046727
SET += map,429079.62205110025,142873.4362947509,63046.20450202866,-226.1369626931945,8112.725361278804,435538.336,435777.76,0.061689
SET = map,236135.64774765688,99583.47410664555,23157.54940717037,-181.16909473759455,5580.000906029449,435457.744,435465.48,0.050493
SET/REMOVE label,485933.85353105556,148754.12020491346,83886.73241022458,-164.08433464576223,7416.584031114606,67144.904,66827.168,0.063019
MERGE on create/match,576401.3077861497,173517.72344317051,104043.4851565286,-54.34773622107587,9228.977286532863,435509.032,435895.192,0.070289
DETACH DELETE,613892.397591761,225005.55563622355,321891.61014862277,3599.1508462453307,27912.020225976055,690708.832,690628.768,0.094836
trig,674454.077861001,201908.7047850711,105236.4521155844,-16.76343230955675,5648.579377569569,476556.384,476540.136,0.078518
inverse trig,234492.93505561774,100367.06171246801,21013.40689981165,-1.84295972044667,3970.506478101378,476377.344,476620.56,0.050763
math extras,1233920.7462133986,330972.8557586209,222103.56237955813,-219.282664311565,5273.008051242579,492973.984,492758.16,0.111435
power + float mod,374279.3526043778,125709.86305126087,55208.37865018095,-118.37134152188327,6472.979470773743,435419.024,435440.192,0.05768
conversion extras,277480.1255393039,115746.44579692984,79452.82978191813,680.3324668371207,7306.095097732287,558316.496,558528.568,0.061
toJSON + isEmpty,211570.73097741263,102165.10091141437,70287.46801108505,809.4029851362608,7992.938415887129,476377.344,476401.744,0.05463
string namespace,199572.8576768785,86924.50411971917,26741.116086507263,0.05448244429635815,4671.743324750346,451810.224,451812.928,0.046359
list namespace,246822.10752941246,100470.52164913529,25628.776802964436,-139.60267296116078,4539.104859749539,492771.104,492792.544,0.051055
list concat + compare,193072.69720122422,85712.02268498082,28315.302593025466,-60.66420945420931,4834.238204647143,451802.144,451821.448,0.045916
quantifiers,303217.2088871144,110350.09628382012,64234.068888593596,70.1543024721918,5924.059817272593,476405.6,476404.608,0.053213
CASE value form,19467189.17908783,4056852.2988582957,4239599.988952951,3717.036177544633,18236.256346989954,435807.024,435629.672,1.184812
pattern comprehension,262685.3563400091,117166.67067896252,26040.037538736993,63.022010820722556,5765.8564688503175,476437.264,476425.8,0.066865
point accessors,199876.24622365332,87618.63672205887,16116.818565134301,-157.7243202558139,4379.701586095148,451802.304,452045.384,0.046124
txn temporals,228625.69551012068,98527.53112891738,79066.02277745752,664.3431222483963,7585.1458823891035,476378.464,476393.84,0.050564
duration accessors,555733.931982775,158835.18546333472,85561.16979900321,191.02813373009872,4565.77006416228,509164.864,509168.016,0.066896
CALL subquery,5545589.258897664,1218454.8671438764,1357646.2749942131,4047.997061898722,47104.12059197614,509418.584,509160.992,0.378335
UNION ALL,469115.15816173994,148769.00134090212,72766.4982299785,62.79414897453343,8052.770562911305,476529.184,476628.28,0.066371
undirected,567537.4803394389,183970.46737783754,94212.35609793344,22.06287318193086,12509.752868912825,517563.408,517534.096,0.074885
multi-type,587759.404636596,193756.76735406552,91190.30750633533,-71.19135182126938,11373.472043102018,541935.248,541937.472,0.078042
entity extras,599886.4955824398,186596.131789554,110521.47561047263,24.47784408584109,10743.868587930798,558323.552,558493.496,0.076871
expand into WITH,346051.26051338366,124950.59788415958,39832.832405472705,-91.7471775841976,7638.929279349195,517525.808,517412.992,0.057282
self-loop match,275071.4205915888,107586.47568521324,33772.488294199306,21.2248775590951,7662.585341563445,435418.624,435500.68,0.053415
return entities,449064.50588505,155741.49502161317,124085.61110844827,629.0328187408462,11513.024984612597,451879.944,451998.688,0.07348
return path,450777.71107923385,160108.15806442426,80799.24292653779,393.36215768231403,8459.468950964456,476387.496,476384.312,0.069351
UDF node API,432728.3702024112,150848.77399985903,66555.21164764276,52.02301875015581,8167.2562960622145,451805.184,451881.432,0.064296
vector edge query,280567.08532290737,108560.6836593336,33615.11897478867,-31.464694478921242,8265.067317022398,451983.04,451847.496,0.053108
SET edge prop,257340.06534033958,109346.40268148042,37045.56240996657,205.89710517230205,6639.7765559277905,476438.928,476599.296,0.053448
edge += map,262114.02056986722,121699.67636579926,139909.01423755984,1723.6691299906406,11885.242025810476,476379.12,476404.32,0.060793
REMOVE edge prop,216262.57220680296,87287.7301791941,24273.504364012493,39.00700596344995,5482.182420012268,124157.104,124166.352,0.046369
MERGE edge,355255.6852334307,125944.85180962842,38002.04465592729,-166.6272079852908,6457.232304090396,476602.792,476416.184,0.057673
multi-edge read,328110.5075303481,119166.92548724938,32334.767494755215,-212.07847627570317,5588.024965419571,492773.232,492835.624,0.055433
multi-edge undirected,299722.16066945175,114858.0913055919,32957.42551844377,-52.70414988088724,6394.717843815199,476377.904,476422.504,0.05436
multi-edge demote/promote,633794.8303665821,290258.08907033346,-518276.59001762344,2588.682803464562,-384800.3493285809,404564.816,404783.264,0.177836
UDF echo scalars,1119090.3289491208,292083.37709023344,230328.4765697698,214.64673909540835,8559.279623536611,493054.44,493066.656,0.101806
UDF echo bigint,180287.70200635612,98085.64128081978,96875.0334459717,1248.1332864377732,10366.673118370292,394744.464,394695.112,0.059669
UDF echo list+map,3874926.123222757,781746.2908611073,798575.8193418307,557.3181573322075,24573.01731680562,435642.472,435746.92,0.242869
UDF echo entities,397368.5098058976,148140.6942042884,53498.81773467834,-24.286421319599498,7092.083343843293,492841.36,492964.976,0.064364
UDF echo path,362439.9422924697,135337.62532884622,43587.39220056024,-152.70634187298745,5917.726381816731,476379.104,476391.608,0.060316
UDF echo point+date+vec,277841.6644152933,105130.13390544892,28359.60646393054,-201.89055162011599,4790.529694066973,451806.864,451903.048,0.051468
delete path,790280.0723287724,249103.1401647822,128974.35448835987,-26.452482847267994,14186.30293678763,772868.528,772452.464,0.093378
delete optional null,243936.80533754436,96397.22034529525,29682.25612784678,-28.001496652375266,6305.363711802717,435581.184,435621.36,0.048919
equality matrix,331075.2407117545,119154.7133421699,46043.775750115616,-11.735930021561567,6562.939275446154,476409.264,476445.664,0.055644
distinct mixed,255525.91163295592,99609.14888367716,25670.72283408037,-104.45009926703689,5787.970667524368,435420.496,435446.08,0.050321
edge index eq,325824.8483300036,124690.09347094297,40326.83067162258,70.50684349468281,7239.397710880071,476420.288,476397.536,0.058524
edge index range,370458.6781115311,134989.88889298274,47547.35929109523,-27.42778978440014,7720.523624625164,476388.944,476401.024,0.062293999999999995
date week format,492414.5123140889,142806.95576619226,78106.32716229156,39.07936639940424,4845.443650467226,435417.344,435681.768,0.063147
time from map,383549.4122794526,127570.8238423486,99150.77906825716,116.29482215247431,9012.813212631436,451807.664,451819.792,0.059259
duration arithmetic,640285.2914442602,178179.37963116844,102613.45548532228,230.20572614478726,5307.4683423201795,476381.584,476395.768,0.073717
scalar arithmetic,1417397.5194977901,366569.3887251154,364055.2850184835,1487.0933062296042,12498.18604199152,591314.976,591077.936,0.127537
map projection,229317.33905514993,96274.27729341098,19807.354553916255,-131.3700580631754,4551.554925266362,435430.224,435647.224,0.048574
delete pending node,430554.907693296,161291.32477799815,58201.03132149133,-13.148977422609926,13671.402356653274,593527.488,592307.36,0.06974
delete pending edge,605197.743604059,197743.12722690005,102211.71457220393,71.05355235823266,13612.739856581291,706978.656,708139.68,0.079702
CASE forms,526201.4503150245,162502.77160430633,92279.39285408233,4.859563084861846,6946.607756137257,451980.144,451962.384,0.067525
UDF traverse,223723.694123715,95172.5974234342,20275.483826515676,-92.52111119925655,4949.240735242905,451816.144,452018.744,0.048764
UDF edge inspect,391684.7260483167,150074.7401367228,54130.94201316142,100.83042371382355,7006.232990038752,476472.464,476416.664,0.065765
delete returning,675796.1261867594,235010.55195002953,109741.45029439083,174.4145614054805,14142.289694279432,1075775.824,1075639.104,0.091526
time components,354451.0741778944,137769.3893442599,115740.4303088835,1224.123669357024,9549.19913618417,509146.784,509370.888,0.067145
range step,247912.78466723845,97696.64144868877,26522.146470380078,-50.418625835077485,6301.181072512639,451966.864,451822.28,0.050416
CASE batch,16982835.950390812,3502802.09736281,3542611.649406437,-5356.790510100393,9412.080304563873,435599.68,435499.816,1.027116
map projection star,238254.4232461057,105290.18111545107,20616.810123748237,-144.00245459402748,4882.838913313197,435436.944,435594.496,0.063542
shortestPath row ctx,292443.5758268093,122140.83192397034,140684.8487809403,1352.8921453228513,15998.374546798752,517398.032,517391.92,0.059609
lexer variety,232811.8419837897,96421.37282720259,32485.526999197053,135.5043932482283,6780.697271164745,509148.224,509232.792,0.043855
degree by type,220127.2246412042,93724.27347569352,17458.288205773933,-136.61029778415406,4462.172734142048,451817.464,451803.576,0.048302
pending degree,709200.706817786,234591.69526669313,108849.63977862688,84.05812760905107,12004.687786038625,1059491.696,1059174.432,0.090066
MERGE constrained SET,984870.813518895,256729.47803077614,167833.39246130924,328.81496323248524,11421.75186626691,436649.824,435962.8,0.093759
quarter date,224749.40771662575,93384.84811871908,23738.40360563329,-9.892856233843252,5858.394425116246,394744.184,394939.488,0.048511
collect DISTINCT,16765530.807545332,3629189.54465372,3698439.488258168,2302.9890851410833,46394.612480744974,435704.376,435756.68,1.08107
distinct temporal+point,400184.50242438645,137547.19363166855,53115.67422575928,-12.850604516142862,6897.16229213723,435424.52,435523.296,0.072641
negation,415907.9271419804,139937.12940162717,67032.9818585762,-12.28415415863844,7522.239032715854,451822.144,451814.96,0.063691
comments,188290.84473428602,84844.11126131588,47659.967817132616,447.7929984728966,8355.364703996634,435426.304,435444.376,0.045643
unicode escapes,175953.06218576565,80610.03822113009,11666.18863633728,-144.80357643845457,3760.2532241842896,435420.264,435618.28,0.044123
CYPHER directive,168248.78400680065,82229.63534356268,49275.27420536199,303.35040831711086,6788.640725435265,394745.904,394459.296,0.044648
pattern predicate props,470814014.46387696,91701892.06978095,102022753.23769943,-18662.355576069713,784370.8686812426,452868.96,453005.968,25.116539
OR mixed filter,16679614.312178444,3247858.2648675595,3704334.3230646895,4796.581256750194,41373.74014207149,435418.928,435464.928,0.9888989999999999
all-node scan,187717.6043046769,99556.79121561183,154773.7773224858,1605.633313175547,11272.910438204515,435419.264,435468.768,0.063996
untyped edge scan,222503.33467770007,101330.97989760827,31065.539890137334,290.6786516019956,6896.96291043288,476409.264,476410.576,0.052341
untyped var-length,276884.4677804336,108706.43553241812,33837.76591087575,43.96304437011562,8039.384605410196,451818.704,451852.368,0.05423
multi-label write,826345.6070256269,316080.0611660693,393958.9039293383,4916.855369554021,51019.67735882341,1371333.6,1370478.208,0.130604
WITH star,223582.99759925524,98765.59279794757,23135.12843183676,-12.660446828509215,7290.42633535861,435421.76,435752.512,0.050811
WITH order limit,17320738.93892925,3541815.006669222,4147987.4722117144,450.9848346522469,21757.47192507353,451890.152,451894.416,1.047714
MERGE bound pattern,490452.0827485134,173330.80541900583,115537.77159055808,40.57903911519109,14993.582910367048,545599.28,544824.552,0.08229
betweenness sampled,19527673.47653082,4457794.927206141,3532906.554786523,1882.0369030739903,619030.8980788372,7495655.2,7495240.08,1.09226
labelPropagation iters,306847704.1721062,86476797.54903957,88974328.16001602,143096.20859068443,3624704.8570215935,1322885.28,1319787.6,3.34646
MSF maximize,1762422.8875836872,509873.12671656325,382724.36667571747,1404.56286823788,26184.4862526337,966647.04,972087.28,0.22592999999999996
SPpaths cost,338792.3407700976,125391.66032188067,34822.401172531754,-141.58721730750358,6028.826760362475,476686.448,477131.528,0.059306
composite index eq,301582.333072354,109330.12519510782,33588.92221277274,-187.74031346746884,6347.6791241967585,435427.664,435470.68,0.052122
composite index range,326880.1770795643,118771.07706694219,42630.394797767374,-27.4347479661064,7616.51203804193,435427.84,435432.704,0.055934
fulltext score,334797.6143524327,125142.84350802103,41832.30264373142,6.031732693078229,7600.875092328077,476455.016,476449.544,0.058732
toJSON node,314097.2452148348,118419.00682891755,43581.81075263719,-29.5362593774884,5997.192919539973,435428.144,435759.536,0.056163
toJSON rel path,537642.3926673874,180269.78604338496,89199.07473829844,165.30836638776725,8470.642011155203,492872.72,492828.448,0.074627
chained arithmetic,636243.738934677,191569.86399025057,106924.66181327545,4.3556316292926205,6685.6258500762215,492958.992,492885.032,0.076972
multi-type traverse,197519600.23286143,42962363.47332746,42215390.98815537,19195.8121487388,882104.5194122765,66185513.568,66185489.936,11.813945
multi-label endpoints,934909.3637576065,257076.12214522544,170339.07335238683,369.5199862191642,9552.291508437305,451806.12,451802.376,0.103463
MSF multi-edge,757216.6892964984,281032.8766925379,147316.33771030753,919.521441082837,15948.059208896966,767915.44,768679.56,0.117645
typed index read,266538.9584787474,106583.28896031593,38294.63631143831,169.50827816887252,7310.051841513406,435594.464,435544.912,0.053394
correlated fulltext,69439861.46638931,14087712.590680381,15218786.84202273,18974.842289017863,159803.8218629787,537791.784,537594.592,3.959364
correlated vector,43051770.097716935,10693387.238764923,8548518.511890357,8380.763261654347,296134.37256642367,701824.816,701847.696,3.025539
correlated edge vector,37617361.17187449,8225854.790732985,7115906.767574257,-6869.431226399965,206575.5746384805,526272.568,526272.528,2.326348
correlated load csv,1386984.159998795,376374.129864774,158919.86933883,49.465018979196785,10498.216102124132,497001.056,497235.6,0.123738
correlated hash join,296509.8698484168,114283.28018315931,37555.19394941907,-117.4961346364526,6804.498342564224,533761.088,533727.28,0.053835
optional allShortest,345538.0138433058,121864.33110800308,41735.54552432743,-129.23625171138312,6269.691680034113,476384.384,476416.848,0.055571
optional varlen,286697.12098693865,106380.4505222198,29526.15673905152,-189.97993411212386,6438.816148137337,451802.144,451836.224,0.052177
optional path build,330624.03124098305,122090.36186213778,33790.393905404046,-171.70255990065343,6328.431777898064,476691.648,476600.176,0.056673
id eq join,8415584.27971537,1657219.2938848156,1813966.442264437,-3102.651873324899,-1067.365723317664,476386.368,476438.72,0.49582
temporal now fns,251951.60889805548,107298.76832995373,17997.1174474988,-309.7323335163109,2767.313680912871,492761.984,493001.896,0.065932
temporal maps 2,452510.4726571422,141175.81753675838,55341.41130161006,-141.81584422548454,3236.0377403249386,476385.2,476398.656,0.060889
temporal parse 2,668474.5169462907,178702.17721957705,93720.29190789236,-117.15182742435543,3167.665360756471,492767.744,492787.408,0.071462
shortestPath in CALL,3716815242.338923,715807434.6112788,1116078702.3695672,18588.557537162305,65110784.38382468,542518186.752,542502092.36,195.873646
map projection row,17324526.067138232,3698503.2918921937,3972948.966288398,2904.671206663996,52032.67690659601,654396.912,653077.472,1.159866
list comp row,24084430.21393444,5003511.7484200485,5629134.027618145,8826.22615506333,58418.267469227365,602225.216,602735.28,1.535878
agg in CALL,113718830.33614157,23595375.47456646,28931991.598202992,102586.9466957181,935066.734360575,1318180.56,1318654.4,6.716205
CASE projection,5136392.8144683,1236494.4748394706,1803077.5531578697,-696.7658705330231,32579.423256769478,473596.536,472539.16,0.577393
chained eq,5127179.105165347,1246409.3404267363,1952298.5659954122,1161.988072228697,42043.41930012519,472468.128,472584.36,0.585596
query params,347202.9731564009,133507.36414529593,51858.44402856544,-155.3030231559138,5829.454860406197,476394.984,477571.072,0.071315
IN mod filter,19064619.632804833,3962972.786970815,4162540.8205584595,-2777.997486200044,16001.505541861026,435583.088,435647.312,1.166672
edge IN index,376076.33554094704,139934.275352708,80859.86338917828,399.35680515251926,9135.059269097354,476423.304,476393.2,0.072964
IN on list prop,264632.99094453355,116273.24660357388,98126.19441247152,974.4418067324876,10639.469669403905,435417.824,435457.768,0.061102
ORDER BY agg,19427680.31858191,3907707.9733227342,4122537.2874952992,-5349.942047850899,20358.558967230965,451896.688,452055.88,1.145344
AND pattern filter,78441056.78075825,15337129.347901504,19055442.3310008,36902.499067370096,513563.17397822294,453918.976,454080.144,4.347464
cross product filter,1812308915.1982458,373568459.6305469,428508336.5914699,162750.64325877035,8858044.972926639,476453.712,476596.624,102.459303
vlt edge prop filter,1960147.0894906614,547880.4471003806,403085.8849862567,2662.34665835011,15533.653438341498,476562.864,476417.712,0.18396
correlated edge dyn idx,35119461.311166495,7124565.389757392,7650732.5162514625,-883.9670857724697,122102.24963201133,855342.376,855246.728,2.033859
delete return entities,3274776.3743964527,778115.740612011,967734.8163309083,2559.5239298363676,61892.40295035967,1233825.504,1231448.656,0.298918
create delete indexed,1490600.7615039856,401307.61623308196,421777.7044032843,1864.953612212837,42535.603748834226,593356.64,593074.304,0.15439
delete indexed edge,38755367.03807395,9141732.684609685,10416474.42621845,51593.611786206864,1834679.3498325932,1051175.52,1000562.864,2.607656
MERGE edge on create/match,7047699.452143384,1572578.9330873697,1508687.3453248339,-72.274573416166,75810.49726264947,598273.968,600865.336,0.499923
fulltext edge query,289404.011111189,118543.33271230776,28021.376626613095,-112.15887236767507,5796.4240646626695,476560.384,478286.952,0.067106
fulltext stopwords,264747.28657740797,102645.63624015154,36036.40369378403,118.77378984358255,7326.81402673312,435427.312,435426.168,0.051188
string index range,279568.91006480163,107756.77114259846,62465.078963295986,406.6200384478938,8935.182650389092,435441.024,435467.472,0.053122
string index between,349185.1796773579,121019.97971693329,48757.638225655195,45.57756901872053,8576.753350470384,435489.776,435417.184,0.057153
distance index scan,285711.9524543563,126527.82454309886,67576.87865409232,777.5259445351944,19940.97367450788,435419.344,435787.944,0.063244
multi-label index seek,410979.8476788754,141267.1260343294,59562.114151502086,17.999891574665437,7840.04952896293,435478.384,435451.808,0.062116
SPpaths pathCount,23981062.260656666,5241869.95966795,5763828.660536907,15391.780635921343,86188.85384661608,533706.272,533852.504,1.514398
SSpaths pathCount,14537876.747736955,2973219.2402162617,3542782.207274982,5468.145155966692,52556.72769810634,454102.872,453925.96,0.902501
SPpaths weighted,27297719.66641925,5846497.777193138,6466509.698884084,13880.796590013484,106655.40076068867,520522.792,520447.68,1.688173
betweenness default,986370233.294009,187121823.44117764,253314782.2077219,193817.2085585448,4241785.259333119,8615871.2,8593815.6,51.379850000000005
labelPropagation default,212311136.64532775,64945208.36993672,59707712.90910095,143963.474974274,2852815.08666378,2881282.4,2839799.6,3.89575
WCC typed,39217173.18821326,7501324.385763593,9644200.354003385,-3475.0930945204805,690457.1832337652,2913012.36,2916295.28,2.1565
MSF nodes yield,66382130.11161432,12862727.202625968,20321981.68351643,15180.273894060329,1101026.7838860108,8038668.84,8036816.84,4.82836
maxFlow KNOWS,381887462187.152,77102478446.17455,83179988096.1993,45082193.2317762,1700692266.454103,123905186337.16,123905246878.92,21035.522179999996
map proj in comprehension,45611752.26279804,9518665.34079835,10121684.51081627,35156.197381782484,329396.92636616237,1009360.768,1008656.488,2.761635
shortestPath in comprehension,3725661110.686683,740520424.3318694,1241003993.3152354,3232661.988184048,102248583.37281281,542492129.12,542477292.704,216.992198
nested comprehension,30268831.721030127,6570987.872105795,7922142.265587997,43278.70510328811,460178.5014421784,688165.68,686878.76,2.08409
func in comprehension,15390940.981416114,3568482.7852477063,4471092.77250891,25766.391619891245,305951.48578517255,545763.648,546081.504,1.258791
rel prop in comprehension,6012017.744179915,1490839.6130437558,1751452.2563889548,13143.929340665069,131588.31185759534,476471.144,477264.992,0.529777
param in comprehension,188840.87807226327,107430.10149119695,56619.626911117135,1021.3506354681638,19818.684549979305,394744.064,394725.32,0.070936
chained cmp in comprehension,182696.03938333818,98439.58525756544,40646.81676385523,656.2584784298732,15172.63258036876,394459.2,394499.504,0.053713
chained cmp null,195609.2988259877,98256.46214608125,45132.84397731022,735.7159761651519,13988.386961116219,451807.584,452131.256,0.053627
rel subscript,15047577.227927377,3302560.734992994,3696064.4238281325,16033.665441281331,221489.40571373346,476563.096,476490.288,1.038958
list null subscript,169630.25234744741,104219.15467124687,60726.04390005303,1361.9396313776015,18895.013422670483,394744.16,394558.568,0.067469
null iterable,233581.85103135233,123816.072533633,112158.6369238789,2093.937722405329,23093.015303968376,492779.376,493096.12,0.067614
single multi true,181243.36208247356,103936.79146335235,181630.86196804786,2688.5498813863296,24338.836402154502,394744.328,394497.408,0.058859
unary minus null,2838621.1107111466,838585.8182137995,1385587.752313761,7978.110398569651,107056.15261941944,435444.88,435751.984,0.37986
untyped shortestPath,3763838141.883018,810210977.0282294,1476888341.8018787,4334034.540540032,129150141.69109729,739745631.28,739744489.976,241.422629
zero hop shortestPath,3646580914.474407,720820853.3442271,1268036208.88559,3532776.2299137823,107776736.44615549,411018509.168,411003101.368,213.438894
date components,652907.1078980904,196537.71486442495,141815.93382725643,1214.9826311787756,17797.40209956794,492774.928,493315.648,0.091747
temporal props read,293928.3670792222,121778.56988626721,88138.91813328525,1051.9791694506187,15521.925478079433,492781.4,492796.184,0.060746
point order by,184682.9209950729,95061.75305401118,35247.970222584365,586.2538398430006,13693.968694767518,394752.784,394493.008,0.051762
mixed type order by,15009759.919789294,3478774.4598383536,8539536.21295051,45075.69465541161,531064.6026029228,1277871.672,1277265.768,2.051628
call union,200582.35667376444,103744.85195917317,51075.76872641044,770.9157744997349,17646.524866432817,394878.528,395449.352,0.063852
call union import,9485812.217531191,2611739.42275725,3469304.7166976687,33332.184385984765,269321.8714308666,534232.464,534186.552,0.850301
label predicate,31359815.440685816,6582568.125951408,8741908.751634544,37381.710156318455,433690.31942359544,435417.344,435698.832,2.016338
match pending edge,23765356.804722484,6382641.457602987,6825665.381128968,52216.29421960165,717938.8232754362,5843921.76,5840226.64,1.9741439999999997
delete pending connected,2805840.182457556,734376.3353934357,879504.3236556866,5414.173279680017,101191.07186074599,824048.704,825793.968,0.281294
rereferenced node labels,6133394.602524074,1433365.3108821006,1652020.2010301228,10131.103440622677,109863.82672867301,451847.344,453121.672,0.485664
rereferenced node attrs,6178470.710315013,1429498.7938547207,1499427.1784894012,7062.493860567452,91082.6128546808,476422.16,476408.696,0.48858500000000005
betweenness labeled,910384375.4466673,182186264.06902552,225378454.4718306,914641.1346104525,11572797.51903006,7843060.4,7822365.2,53.45095
WCC labeled,48452618.527733326,10049524.682066888,14589820.585538836,53135.85082532405,1465220.3486525565,4232747.72,4232472.6,3.0317100000000003
all edges scan,228425.66190911058,131841.82943631234,114375.6238945647,2244.235058022945,24354.600064540646,476410.864,477061.408,0.077047
sci notation,220407.3789504544,109103.79427846213,61185.47784794067,1003.0311047334219,16001.041444731527,476378.784,476597.904,0.056743
string escapes,187072.18814847147,92924.58537764038,46109.04573484891,660.4122814810875,13583.56040798097,451802.144,451795.52,0.051312
backtick var,1828134.5693532939,492267.6922630727,929875.3159158487,5334.868576124257,81801.00051439111,435453.08,435416.68,0.265837
distinct aggs,11690412.140724806,2974434.3832202815,3284005.6431193193,25961.876442076635,213629.88900614367,525921.632,525542.088,0.941846
chained eq in comprehension,227794.40792642874,127600.79339823418,119821.1794415819,2145.6118301464094,22608.44378345854,435417.344,435848.872,0.078991
compact date strings,361398.8177193185,129015.47657283631,75302.60079284493,896.9067062947713,13865.588222138842,451801.984,451830.376,0.063249
compact time strings,361773.96769666136,135477.98641530826,99772.41804441466,1386.102762040859,16848.41780071584,451801.984,451800.352,0.066249
duration map full,230235.7942105338,103882.63135349333,57162.14033792306,840.387804473585,16951.013369807377,394745.184,394466.04,0.055276
datetime accessors,506885.89592410135,169435.37548110605,126151.62750535751,1592.2773266644613,20942.51149216848,476474.496,476830.92,0.076651
time accessors,369425.7228523873,140725.14965606562,106554.1764929036,1621.9067071608943,19317.855805219348,451803.424,451798.944,0.068139
set copy entity,328448.38073338533,131422.664957673,82337.4475050995,1049.8257664825255,17727.68901698167,109045.104,108859.44,0.06708
set merge entity,337169.05449631694,136335.67639900188,100972.32622128204,1805.932081811245,20158.85854617634,125251.616,125306.368,0.06934
create delete no with,1472408.8603593032,416295.56592052616,423766.30760860874,2976.0640704003617,60298.17365507347,594931.84,592425.68,0.15501
create delete rel no with,2797085.359337926,704005.6205031328,896908.909260816,5312.3472602043785,94011.56710814571,781116.528,781251.824,0.24522999999999998
rel mixed order by,370950.7434742416,153346.7187207559,114099.52370690787,1334.04826342782,19386.35819757585,492818.472,494346.688,0.072925
labelPropagation all types,154762444.9699176,47160380.432933666,44960660.498057656,144193.83617673902,2576655.147688332,2876071.2,2809710.4,3.5263500000000003
WCC all types,38258476.270900995,7909670.541668227,10873767.080435872,34213.222410449336,1154238.7352656638,2898535.68,2903827.04,2.4097
reversed 2hop chain,11878458.638474131,3050375.4222390195,3872558.6687202547,34050.39666211783,381560.0680293082,4582432.944,4582595.184,1.021513
reversed chain mid filter,9080444.258574108,2393245.7380862357,2608684.658498789,18232.94384162047,278099.1811451124,4606907.144,4606806.848,0.790331
bidir anon 2hop dedup,43475720.05089606,10916255.32557938,11421531.4795156,74160.41182172092,919689.3111032884,25227076.872,25227097.472,3.320792
traverse inline rel attrs,102110214.90083204,22399228.146930613,26157216.356611494,114825.79328521823,1431613.9167184704,8734693.24,8734756.376,6.676552
expand-into inline rel attrs,103065291.6597849,22508855.06165196,27020614.64790406,129100.56695626625,1486914.0435558246,8734882.264,8734833.504,6.708216
cartesian split filter,5122374501.088254,1086392870.3303208,1391266679.0868824,5199321.732380556,86083706.34260094,479767.096,479768.096,320.032873
index le range,1306460.0772687534,346024.60181616776,359753.68912329077,2119.9363562173853,42016.456070713895,435425.024,435462.128,0.139591
edge index lt range,381354.60532317037,161368.70931425478,120975.86413086773,1637.868325271682,24498.774775652462,476411.104,476410.8,0.075715
index same-bound and,11426789.045127682,2264449.918310792,3328932.4901384134,15778.59559244827,269436.5619230297,435442.208,435452.064,0.74709
runtime-bound index range,827227.2534317573,250478.73727635617,214661.99287192483,1155.4429414397594,31403.207617509986,452135.792,451872.976,0.109269
write 1,1499614.5986886786,455176.1871995588,555034.042873165,4930.081835097776,76454.51140159095,633445.184,632247.992,0.178529
write 10,2149742.259421754,542323.9407896823,590807.5750491752,3107.6546289029156,68285.25606840246,632045.496,632037.92,0.188582
write 100,8018775.004032575,1684150.706811554,2079345.4177868252,10028.618201019068,151394.2643854671,636926.544,635858.768,0.541474
write 1k,66793990.23989885,12812875.248887327,18159917.470477402,84856.48157581738,953389.6892548198,935236.64,917544.28,3.834035
write 10k,656702195.7229607,121275384.2641468,178380776.84965995,841393.5458138117,9848907.991190307,14482993.12,14505022.88,35.87196
write 100k,6534845307.6355095,1214712683.4577584,1758669920.6924121,8107969.147103009,97471896.42509869,119378964.0,119426656.8,357.2629
write 1m,20544481606.30744,5610211406.102875,5182450976.956434,16333399.58845496,382891600.63854283,1451902168.0,1453189648.0,862.5155
create 100,518565.48188416095,201872.29489612737,167854.0295896677,1721.3565749821705,31134.482770482653,110837.216,117224.928,0.103522
delete 100,10453837.627237977,2247173.746176268,3417711.2592018815,21273.488621532724,284177.0805646997,938983.952,942546.32,0.756584
create 10k,32355419.273478966,7214686.801766812,9344256.827481728,48456.874628353326,989245.524474609,6320673.76,6102540.48,2.27756
delete 10k,808449682.4392457,176045377.18656808,229981422.65546012,1011543.5483945665,15604324.528696086,37885075.52,38157974.72,40.42084
urel create delete,446760.2187114322,197502.8498991495,125453.01839973066,703.1193403870268,23193.768472201737,192679.504,208613.68,0.112748
LOAD CSV,862267.5217230557,270612.61394445685,78251.38684952402,-30.878286192267552,6893.23506566109,437992.256,445630.032,0.111656
LOAD CSV headers,1401001.8093371503,381400.4331504282,162287.31867352646,96.40865300612373,8446.401814400331,455985.728,456398.992,0.12422400000000001
LOAD CSV set,1218193.4826984203,350688.75362429005,129229.84880800499,184.60527760884293,13352.761904627694,458112.808,458705.616,0.116905
